amb01_hour_three_readings	1	c655a33295c1a5237cf821bb3450792f54ad2abbcac05178b11ec82c6718a7c4	0.563373	863f1e23-1131-4624-a238-be1eeb028d62	{"read_rows":"59391","read_bytes":"1368041","written_rows":"0","written_bytes":"0","total_rows_to_read":"59391","result_rows":"1","result_bytes":"4016","elapsed_ns":"113140854","memory_usage":"5223845"}
amb01_hour_three_readings	2	c655a33295c1a5237cf821bb3450792f54ad2abbcac05178b11ec82c6718a7c4	1.158546	deabd339-f719-4b52-822d-592adfc4d052	{"read_rows":"59391","read_bytes":"1368041","written_rows":"0","written_bytes":"0","total_rows_to_read":"59391","result_rows":"1","result_bytes":"4016","elapsed_ns":"125071465","memory_usage":"5223685"}
amb01_hour_three_readings	3	c655a33295c1a5237cf821bb3450792f54ad2abbcac05178b11ec82c6718a7c4	0.420497	9004ea48-4e39-430c-8343-356218727031	{"read_rows":"59391","read_bytes":"1368041","written_rows":"0","written_bytes":"0","total_rows_to_read":"59391","result_rows":"1","result_bytes":"4016","elapsed_ns":"33797538","memory_usage":"5223685"}
amb02_day_three_readings	1	08e1e8dd3b7ea3bf8ee88846fc0a6b211965939f4c866fb4e3b85a23d558db1d	0.420960	8f605666-4d3f-4ece-bac2-bd0661e7aa32	{"read_rows":"49153","read_bytes":"1556481","written_rows":"0","written_bytes":"0","total_rows_to_read":"49153","result_rows":"1","result_bytes":"2352","elapsed_ns":"59912560","memory_usage":"6057138"}
amb02_day_three_readings	2	08e1e8dd3b7ea3bf8ee88846fc0a6b211965939f4c866fb4e3b85a23d558db1d	0.401179	0d78a0d9-415d-43a5-a2bb-21a89b1418e4	{"read_rows":"49153","read_bytes":"1556481","written_rows":"0","written_bytes":"0","total_rows_to_read":"49153","result_rows":"1","result_bytes":"2352","elapsed_ns":"39100613","memory_usage":"6057186"}
amb02_day_three_readings	3	08e1e8dd3b7ea3bf8ee88846fc0a6b211965939f4c866fb4e3b85a23d558db1d	0.479671	a8b5a6fc-0b05-42d1-87a0-83e58a69e0a7	{"read_rows":"49153","read_bytes":"1556481","written_rows":"0","written_bytes":"0","total_rows_to_read":"49153","result_rows":"1","result_bytes":"2352","elapsed_ns":"107956530","memory_usage":"6057138"}
id01_13day_total	1	b10818688a9931ed72fab59cc40adb54a2a27a13f0f1cfa3b4e9fb77824608cd	1.091725	1f2a35d8-717f-456e-9711-95e21ae4d0d2	{"read_rows":"8193","read_bytes":"278529","written_rows":"0","written_bytes":"0","total_rows_to_read":"8193","result_rows":"1","result_bytes":"1684","elapsed_ns":"58926739","memory_usage":"5987700"}
id01_13day_total	2	b10818688a9931ed72fab59cc40adb54a2a27a13f0f1cfa3b4e9fb77824608cd	0.471751	c4b5b4c4-fc0f-4970-a2b6-a9a14766a6ab	{"read_rows":"8193","read_bytes":"278529","written_rows":"0","written_bytes":"0","total_rows_to_read":"8193","result_rows":"1","result_bytes":"1684","elapsed_ns":"99629474","memory_usage":"5994948"}
id01_13day_total	3	b10818688a9931ed72fab59cc40adb54a2a27a13f0f1cfa3b4e9fb77824608cd	0.458345	75fe8509-1b27-4620-945c-ebc0b9287880	{"read_rows":"8193","read_bytes":"278529","written_rows":"0","written_bytes":"0","total_rows_to_read":"8193","result_rows":"1","result_bytes":"1684","elapsed_ns":"90114405","memory_usage":"5987652"}
ih01_hour_series_day	1	3efa9c4b381a5f5259f50ef28087fc24da56402b21a43321562b34ee37bc8ff2	0.383697	4be5769c-b8a0-42d5-92a6-9fe55f86daf2	{"read_rows":"8192","read_bytes":"352256","written_rows":"0","written_bytes":"0","total_rows_to_read":"8192","result_rows":"12","result_bytes":"1056","elapsed_ns":"20475937","memory_usage":"3678125"}
ih01_hour_series_day	2	3efa9c4b381a5f5259f50ef28087fc24da56402b21a43321562b34ee37bc8ff2	0.402408	8ab0a0ee-1ac1-48c9-beeb-170fbc8ef935	{"read_rows":"8192","read_bytes":"352256","written_rows":"0","written_bytes":"0","total_rows_to_read":"8192","result_rows":"12","result_bytes":"1056","elapsed_ns":"22897780","memory_usage":"3678061"}
ih01_hour_series_day	3	3efa9c4b381a5f5259f50ef28087fc24da56402b21a43321562b34ee37bc8ff2	0.421236	51cfcec3-8a5e-44b0-adbc-c3c678ef94cc	{"read_rows":"8192","read_bytes":"352256","written_rows":"0","written_bytes":"0","total_rows_to_read":"8192","result_rows":"12","result_bytes":"1056","elapsed_ns":"25406171","memory_usage":"3678077"}
im01_ragged_total	1	f57be8715eb795a3ffd0a6cfd570e0f5f0e3a806f2d32440d8cb76a4461bdf07	1.098371	a573626e-10e5-4773-a8d6-a0f3253ac6f2	{"read_rows":"34815","read_bytes":"597993","written_rows":"0","written_bytes":"0","total_rows_to_read":"34815","result_rows":"1","result_bytes":"1684","elapsed_ns":"59104509","memory_usage":"5810090"}
im01_ragged_total	2	f57be8715eb795a3ffd0a6cfd570e0f5f0e3a806f2d32440d8cb76a4461bdf07	0.400847	4dd5843b-7e76-4893-ae2b-ae10a5e3ec97	{"read_rows":"34815","read_bytes":"597993","written_rows":"0","written_bytes":"0","total_rows_to_read":"34815","result_rows":"1","result_bytes":"1684","elapsed_ns":"24987751","memory_usage":"5810154"}
im01_ragged_total	3	f57be8715eb795a3ffd0a6cfd570e0f5f0e3a806f2d32440d8cb76a4461bdf07	1.356842	d88f234a-656e-4f65-bf1c-abd2718df9b1	{"read_rows":"34815","read_bytes":"597993","written_rows":"0","written_bytes":"0","total_rows_to_read":"34815","result_rows":"1","result_bytes":"1684","elapsed_ns":"106665379","memory_usage":"5813882"}
im02_aligned_total	1	d24d52db1ded50448fa1462868b2ddc4a44ef49d51b5eff852e4e08590760c20	1.061049	4059dee2-7812-4845-84a6-4d8e1821d237	{"read_rows":"8193","read_bytes":"278529","written_rows":"0","written_bytes":"0","total_rows_to_read":"8193","result_rows":"1","result_bytes":"1684","elapsed_ns":"37075991","memory_usage":"5990420"}
im02_aligned_total	2	d24d52db1ded50448fa1462868b2ddc4a44ef49d51b5eff852e4e08590760c20	1.094777	8d819ab9-9ff2-4a3d-89e2-f3cd2010af84	{"read_rows":"8193","read_bytes":"278529","written_rows":"0","written_bytes":"0","total_rows_to_read":"8193","result_rows":"1","result_bytes":"1684","elapsed_ns":"24721750","memory_usage":"5994652"}
im02_aligned_total	3	d24d52db1ded50448fa1462868b2ddc4a44ef49d51b5eff852e4e08590760c20	0.487560	e90c56c0-fe12-44d9-ab76-dd14afe043a4	{"read_rows":"8193","read_bytes":"278529","written_rows":"0","written_bytes":"0","total_rows_to_read":"8193","result_rows":"1","result_bytes":"1684","elapsed_ns":"24960931","memory_usage":"5986444"}
im03_ragged_platform	1	be982ae6dd365730d20a6d096f4db29ea4fb960bd5f1ef5db10b966557e08a2e	0.414289	69935aca-e1e6-429a-ba78-bd520f92900c	{"read_rows":"24577","read_bytes":"491521","written_rows":"0","written_bytes":"0","total_rows_to_read":"24577","result_rows":"1","result_bytes":"6036","elapsed_ns":"33739969","memory_usage":"5833016"}
im03_ragged_platform	2	be982ae6dd365730d20a6d096f4db29ea4fb960bd5f1ef5db10b966557e08a2e	0.435897	905299d1-c1af-4e51-903d-0bdaee0e2da0	{"read_rows":"24577","read_bytes":"491521","written_rows":"0","written_bytes":"0","total_rows_to_read":"24577","result_rows":"1","result_bytes":"6036","elapsed_ns":"43652557","memory_usage":"5833048"}
im03_ragged_platform	3	be982ae6dd365730d20a6d096f4db29ea4fb960bd5f1ef5db10b966557e08a2e	1.091287	909359de-69d7-484f-b42b-4638906ee4ff	{"read_rows":"24577","read_bytes":"491521","written_rows":"0","written_bytes":"0","total_rows_to_read":"24577","result_rows":"1","result_bytes":"6036","elapsed_ns":"28039534","memory_usage":"5837272"}
im04_ragged_platform_content	1	6189cc1a05238487e4ec89f01e872e6758242c9a444f9643d1c516df86e5bcfc	1.115037	c0abfa36-9078-488a-9261-00cec5354815	{"read_rows":"16385","read_bytes":"368433","written_rows":"0","written_bytes":"0","total_rows_to_read":"16385","result_rows":"1","result_bytes":"6292","elapsed_ns":"33799718","memory_usage":"5849658"}
im04_ragged_platform_content	2	6189cc1a05238487e4ec89f01e872e6758242c9a444f9643d1c516df86e5bcfc	0.619488	1508d001-c24e-42ba-a722-9bc48882bb45	{"read_rows":"16385","read_bytes":"368433","written_rows":"0","written_bytes":"0","total_rows_to_read":"16385","result_rows":"1","result_bytes":"6292","elapsed_ns":"57549019","memory_usage":"5849626"}
im04_ragged_platform_content	3	6189cc1a05238487e4ec89f01e872e6758242c9a444f9643d1c516df86e5bcfc	0.453884	4c017070-4560-4cff-a18e-6a8de21eef8f	{"read_rows":"16385","read_bytes":"368433","written_rows":"0","written_bytes":"0","total_rows_to_read":"16385","result_rows":"1","result_bytes":"6292","elapsed_ns":"69783598","memory_usage":"5849722"}
im05_same_hour_ragged_total	1	8e49d8aa009a6dabac1e85b30ec0ded3a18f9b3eb43f54102a94aad94e383094	0.436948	4ff85618-fe8d-4ecb-bc50-9b8ae286cbba	{"read_rows":"34815","read_bytes":"597993","written_rows":"0","written_bytes":"0","total_rows_to_read":"34815","result_rows":"1","result_bytes":"1684","elapsed_ns":"28542004","memory_usage":"5804994"}
im05_same_hour_ragged_total	2	8e49d8aa009a6dabac1e85b30ec0ded3a18f9b3eb43f54102a94aad94e383094	0.419656	58ce6e5e-1d0d-4563-b488-bdc5d3909888	{"read_rows":"34815","read_bytes":"597993","written_rows":"0","written_bytes":"0","total_rows_to_read":"34815","result_rows":"1","result_bytes":"1684","elapsed_ns":"49425142","memory_usage":"5798570"}
im05_same_hour_ragged_total	3	8e49d8aa009a6dabac1e85b30ec0ded3a18f9b3eb43f54102a94aad94e383094	0.448224	dac532dc-7c18-4ee4-8adf-f5cd3aa436a6	{"read_rows":"34815","read_bytes":"597993","written_rows":"0","written_bytes":"0","total_rows_to_read":"34815","result_rows":"1","result_bytes":"1684","elapsed_ns":"37542531","memory_usage":"5794594"}
im06_minute_curve_range	1	59cc862ee7c1558162146e851bd3314ded2489c937b574b1fe4601f761b94a7b	0.425492	3e110d62-b289-4288-959b-81fb4d377198	{"read_rows":"26623","read_bytes":"319465","written_rows":"0","written_bytes":"0","total_rows_to_read":"26623","result_rows":"74","result_bytes":"5188","elapsed_ns":"14913342","memory_usage":"4448261"}
im06_minute_curve_range	2	59cc862ee7c1558162146e851bd3314ded2489c937b574b1fe4601f761b94a7b	0.410110	55c1901c-2d68-45a0-ac26-8a90d82223c8	{"read_rows":"26623","read_bytes":"319465","written_rows":"0","written_bytes":"0","total_rows_to_read":"26623","result_rows":"74","result_bytes":"5188","elapsed_ns":"9925268","memory_usage":"4449301"}
im06_minute_curve_range	3	59cc862ee7c1558162146e851bd3314ded2489c937b574b1fe4601f761b94a7b	0.392822	70a0936e-f4eb-470c-bde4-8004281596c1	{"read_rows":"26623","read_bytes":"319465","written_rows":"0","written_bytes":"0","total_rows_to_read":"26623","result_rows":"74","result_bytes":"5188","elapsed_ns":"9203367","memory_usage":"4448421"}
pd01_day_total	1	dc7e196283c87034aa8074b2e49cfa48793af4d2dbf75ae46c6f076e39b1d445	1.076631	6e7890b9-9791-4a5e-a148-9b056afbeabf	{"read_rows":"8192","read_bytes":"286720","written_rows":"0","written_bytes":"0","total_rows_to_read":"8192","result_rows":"1","result_bytes":"932","elapsed_ns":"8522557","memory_usage":"5469706"}
pd01_day_total	2	dc7e196283c87034aa8074b2e49cfa48793af4d2dbf75ae46c6f076e39b1d445	0.456532	84bab825-7d1c-460e-ab57-5034c77c0d07	{"read_rows":"8192","read_bytes":"286720","written_rows":"0","written_bytes":"0","total_rows_to_read":"8192","result_rows":"1","result_bytes":"932","elapsed_ns":"7199856","memory_usage":"5469706"}
pd01_day_total	3	dc7e196283c87034aa8074b2e49cfa48793af4d2dbf75ae46c6f076e39b1d445	0.395334	a677771b-c6e2-4165-b442-ecc0a95552b0	{"read_rows":"8192","read_bytes":"286720","written_rows":"0","written_bytes":"0","total_rows_to_read":"8192","result_rows":"1","result_bytes":"932","elapsed_ns":"8472127","memory_usage":"5469706"}
pd02_day_platform	1	b5471abcdeb3578a32e8b058bdc023c3c0042fb94bc06f8975cbb18f4e3ea74d	0.373943	1e5a7cad-9df6-48c5-8a75-a876b5d8a56a	{"read_rows":"8192","read_bytes":"286720","written_rows":"0","written_bytes":"0","total_rows_to_read":"8192","result_rows":"1","result_bytes":"3621","elapsed_ns":"8445777","memory_usage":"4994118"}
pd02_day_platform	2	b5471abcdeb3578a32e8b058bdc023c3c0042fb94bc06f8975cbb18f4e3ea74d	0.461130	86329734-89a8-4e75-9b85-4b4fef2d6da7	{"read_rows":"8192","read_bytes":"286720","written_rows":"0","written_bytes":"0","total_rows_to_read":"8192","result_rows":"1","result_bytes":"3621","elapsed_ns":"24718390","memory_usage":"4993990"}
pd02_day_platform	3	b5471abcdeb3578a32e8b058bdc023c3c0042fb94bc06f8975cbb18f4e3ea74d	1.064909	e191900b-44f3-4a30-9f48-fc27c38cd858	{"read_rows":"8192","read_bytes":"286720","written_rows":"0","written_bytes":"0","total_rows_to_read":"8192","result_rows":"1","result_bytes":"3621","elapsed_ns":"8834367","memory_usage":"4993990"}
pd03_day_platform_content	1	49bcad65f77a206057446e9bb88db4512a8087f1a235aaa28b7a21f8af22e083	0.402841	6ddbede6-c405-4c94-ba16-a1ac250c8a31	{"read_rows":"8192","read_bytes":"286720","written_rows":"0","written_bytes":"0","total_rows_to_read":"8192","result_rows":"1","result_bytes":"3765","elapsed_ns":"12436680","memory_usage":"5006758"}
pd03_day_platform_content	2	49bcad65f77a206057446e9bb88db4512a8087f1a235aaa28b7a21f8af22e083	0.626951	50f34a3c-f5b6-41db-8e73-4bfdb4cd2e3f	{"read_rows":"8192","read_bytes":"286720","written_rows":"0","written_bytes":"0","total_rows_to_read":"8192","result_rows":"1","result_bytes":"3765","elapsed_ns":"10885719","memory_usage":"5006918"}
pd03_day_platform_content	3	49bcad65f77a206057446e9bb88db4512a8087f1a235aaa28b7a21f8af22e083	0.393788	2ac9f577-3a44-4ca5-8e57-bc0068031d58	{"read_rows":"8192","read_bytes":"286720","written_rows":"0","written_bytes":"0","total_rows_to_read":"8192","result_rows":"1","result_bytes":"3765","elapsed_ns":"11991300","memory_usage":"5006742"}
ph01_hour_total	1	a48abdea2f33655362c66c5d108f34804ecab087f55449ed5bac983269d00c7b	0.392798	ae1e345f-1749-47e9-92af-7f1c877c10b0	{"read_rows":"8192","read_bytes":"286720","written_rows":"0","written_bytes":"0","total_rows_to_read":"8192","result_rows":"1","result_bytes":"1180","elapsed_ns":"10690389","memory_usage":"4638133"}
ph01_hour_total	2	a48abdea2f33655362c66c5d108f34804ecab087f55449ed5bac983269d00c7b	1.068732	65c6dc7f-5823-4a0b-b6b0-7fb45b0976d8	{"read_rows":"8192","read_bytes":"286720","written_rows":"0","written_bytes":"0","total_rows_to_read":"8192","result_rows":"1","result_bytes":"1180","elapsed_ns":"6563365","memory_usage":"4638277"}
ph01_hour_total	3	a48abdea2f33655362c66c5d108f34804ecab087f55449ed5bac983269d00c7b	0.411932	c60b8c8d-fa60-4546-8978-a58cbb28cf0c	{"read_rows":"8192","read_bytes":"286720","written_rows":"0","written_bytes":"0","total_rows_to_read":"8192","result_rows":"1","result_bytes":"1180","elapsed_ns":"12308670","memory_usage":"4638101"}
ph02_hour_platform	1	475b7ba818cdfb612acc87513286edce566822f27e9e0cb4d1e98bd73a2a7509	0.459866	bdfefb81-52c6-4f5c-bf61-5f3122349e14	{"read_rows":"8192","read_bytes":"286720","written_rows":"0","written_bytes":"0","total_rows_to_read":"8192","result_rows":"1","result_bytes":"9736","elapsed_ns":"10837799","memory_usage":"4666469"}
ph02_hour_platform	2	475b7ba818cdfb612acc87513286edce566822f27e9e0cb4d1e98bd73a2a7509	0.382545	f5245d3a-e76d-4a7d-a407-d35cdb1ef3db	{"read_rows":"8192","read_bytes":"286720","written_rows":"0","written_bytes":"0","total_rows_to_read":"8192","result_rows":"1","result_bytes":"9736","elapsed_ns":"9693648","memory_usage":"4666213"}
ph02_hour_platform	3	475b7ba818cdfb612acc87513286edce566822f27e9e0cb4d1e98bd73a2a7509	0.366398	32e148b7-78c7-4d23-8202-1b60453159a5	{"read_rows":"8192","read_bytes":"286720","written_rows":"0","written_bytes":"0","total_rows_to_read":"8192","result_rows":"1","result_bytes":"9736","elapsed_ns":"8010856","memory_usage":"4666325"}
ph03_hour_platform_content	1	3057fbbb57cad079e1c4d3fe1b536691121f0caa9306457e1e0f3737256f8d7d	0.366833	37951909-b7be-4949-8401-531431302125	{"read_rows":"8192","read_bytes":"286720","written_rows":"0","written_bytes":"0","total_rows_to_read":"8192","result_rows":"1","result_bytes":"9512","elapsed_ns":"7742516","memory_usage":"4679461"}
ph03_hour_platform_content	2	3057fbbb57cad079e1c4d3fe1b536691121f0caa9306457e1e0f3737256f8d7d	0.376832	5dbaf47a-fb2d-4e31-871f-8ebd17c1bdb2	{"read_rows":"8192","read_bytes":"286720","written_rows":"0","written_bytes":"0","total_rows_to_read":"8192","result_rows":"1","result_bytes":"9512","elapsed_ns":"9672188","memory_usage":"4679717"}
ph03_hour_platform_content	3	3057fbbb57cad079e1c4d3fe1b536691121f0caa9306457e1e0f3737256f8d7d	1.056844	db59795e-368f-4091-a9cf-017685bf6f69	{"read_rows":"8192","read_bytes":"286720","written_rows":"0","written_bytes":"0","total_rows_to_read":"8192","result_rows":"1","result_bytes":"9512","elapsed_ns":"10253438","memory_usage":"4679509"}
pm01_minute_total_range	1	8e4e215fd9250361295bd4de7072d4d41169122ec8e4f5ff68b0a724943dc474	0.429738	424523b5-b572-4c2d-b3e7-81a65838ef6d	{"read_rows":"34815","read_bytes":"597993","written_rows":"0","written_bytes":"0","total_rows_to_read":"34815","result_rows":"1","result_bytes":"1040","elapsed_ns":"33711868","memory_usage":"5767086"}
pm01_minute_total_range	2	8e4e215fd9250361295bd4de7072d4d41169122ec8e4f5ff68b0a724943dc474	0.491456	29b2c754-1bce-47f8-be17-1af0ce20d546	{"read_rows":"34815","read_bytes":"597993","written_rows":"0","written_bytes":"0","total_rows_to_read":"34815","result_rows":"1","result_bytes":"1040","elapsed_ns":"46582849","memory_usage":"5759910"}
pm01_minute_total_range	3	8e4e215fd9250361295bd4de7072d4d41169122ec8e4f5ff68b0a724943dc474	0.385944	7e5651ba-ce12-4fb3-84c3-9bd637cac93d	{"read_rows":"34815","read_bytes":"597993","written_rows":"0","written_bytes":"0","total_rows_to_read":"34815","result_rows":"1","result_bytes":"1040","elapsed_ns":"24577471","memory_usage":"5764798"}
pm02_minute_total_direct	1	e772e4c96c13a33c148ab0b17bd7621e7e34a022a3f40f1aba725f2cb2123014	0.384485	6f48c313-8a5e-4b53-ba4e-73183c17eefb	{"read_rows":"26622","read_bytes":"319464","written_rows":"0","written_bytes":"0","total_rows_to_read":"26622","result_rows":"1","result_bytes":"136","elapsed_ns":"5829265","memory_usage":"3667349"}
pm02_minute_total_direct	2	e772e4c96c13a33c148ab0b17bd7621e7e34a022a3f40f1aba725f2cb2123014	1.049576	634e511d-f890-472e-8e69-36f641898c8e	{"read_rows":"26622","read_bytes":"319464","written_rows":"0","written_bytes":"0","total_rows_to_read":"26622","result_rows":"1","result_bytes":"136","elapsed_ns":"5629655","memory_usage":"3667221"}
pm02_minute_total_direct	3	e772e4c96c13a33c148ab0b17bd7621e7e34a022a3f40f1aba725f2cb2123014	0.362851	0a0b76b5-c3c5-4a4d-952b-d7d47b9dcbce	{"read_rows":"26622","read_bytes":"319464","written_rows":"0","written_bytes":"0","total_rows_to_read":"26622","result_rows":"1","result_bytes":"136","elapsed_ns":"10514699","memory_usage":"3667221"}
pm03_minute_platform_range	1	955be9cbe86aadeb570b630bde8759f8eb96992da1b681b5dca095533f2ad9d2	0.419552	498febe3-5e61-490f-8ff3-b82c7f78b8f7	{"read_rows":"24577","read_bytes":"491521","written_rows":"0","written_bytes":"0","total_rows_to_read":"24577","result_rows":"1","result_bytes":"5136","elapsed_ns":"51832293","memory_usage":"5762276"}
pm03_minute_platform_range	2	955be9cbe86aadeb570b630bde8759f8eb96992da1b681b5dca095533f2ad9d2	0.437921	969ebbd8-bb03-453a-ad06-2828db96e19a	{"read_rows":"24577","read_bytes":"491521","written_rows":"0","written_bytes":"0","total_rows_to_read":"24577","result_rows":"1","result_bytes":"5136","elapsed_ns":"60265121","memory_usage":"5754384"}
pm03_minute_platform_range	3	955be9cbe86aadeb570b630bde8759f8eb96992da1b681b5dca095533f2ad9d2	0.470168	e0d41ae6-5369-406c-9c21-b662ae4506af	{"read_rows":"24577","read_bytes":"491521","written_rows":"0","written_bytes":"0","total_rows_to_read":"24577","result_rows":"1","result_bytes":"5136","elapsed_ns":"43278096","memory_usage":"5733032"}
pm04_minute_platform_content_range	1	65e73b1f7a7cd1cf2d77285704eb5b4b3c815072c96105e7748b4df8a562d846	0.454356	7c96ab0a-740a-49bb-8428-d9c18828a980	{"read_rows":"16385","read_bytes":"368433","written_rows":"0","written_bytes":"0","total_rows_to_read":"16385","result_rows":"1","result_bytes":"5392","elapsed_ns":"54069495","memory_usage":"5755866"}
pm04_minute_platform_content_range	2	65e73b1f7a7cd1cf2d77285704eb5b4b3c815072c96105e7748b4df8a562d846	1.122123	d3863a3a-86bb-4c5e-8173-136bc820897c	{"read_rows":"16385","read_bytes":"368433","written_rows":"0","written_bytes":"0","total_rows_to_read":"16385","result_rows":"1","result_bytes":"5392","elapsed_ns":"38251512","memory_usage":"5777358"}
pm04_minute_platform_content_range	3	65e73b1f7a7cd1cf2d77285704eb5b4b3c815072c96105e7748b4df8a562d846	0.447488	881b17cc-95b4-402a-9781-e27f0e3835c2	{"read_rows":"16385","read_bytes":"368433","written_rows":"0","written_bytes":"0","total_rows_to_read":"16385","result_rows":"1","result_bytes":"5392","elapsed_ns":"37331221","memory_usage":"5777166"}
pm05_minute_total_series_lookup	1	e772e4c96c13a33c148ab0b17bd7621e7e34a022a3f40f1aba725f2cb2123014	1.066313	4dcad84c-e895-427a-8731-3d3eac9cc476	{"read_rows":"56146","read_bytes":"449168","written_rows":"0","written_bytes":"0","total_rows_to_read":"56146","result_rows":"1","result_bytes":"136","elapsed_ns":"11713549","memory_usage":"4631200"}
pm05_minute_total_series_lookup	2	e772e4c96c13a33c148ab0b17bd7621e7e34a022a3f40f1aba725f2cb2123014	0.400777	1c60b04c-cafd-4c55-9f08-c2200c7ffae9	{"read_rows":"56146","read_bytes":"449168","written_rows":"0","written_bytes":"0","total_rows_to_read":"56146","result_rows":"1","result_bytes":"136","elapsed_ns":"25140691","memory_usage":"4641642"}
pm05_minute_total_series_lookup	3	e772e4c96c13a33c148ab0b17bd7621e7e34a022a3f40f1aba725f2cb2123014	0.410476	b7a3e253-f06b-481a-a487-e5d5e7df7817	{"read_rows":"56146","read_bytes":"449168","written_rows":"0","written_bytes":"0","total_rows_to_read":"56146","result_rows":"1","result_bytes":"136","elapsed_ns":"14403732","memory_usage":"4631184"}
tr01_trap_dimensioned_view_max	1	0817e5a008d379976fbe771fb726fdf1fde0bd77b2e7b6efbdf061777088c111	1.048526	04d923fc-3e85-4d78-ab4d-322d18033143	{"read_rows":"28073","read_bytes":"617827","written_rows":"0","written_bytes":"0","total_rows_to_read":"28073","result_rows":"1","result_bytes":"272","elapsed_ns":"16001113","memory_usage":"13595434"}
tr01_trap_dimensioned_view_max	2	0817e5a008d379976fbe771fb726fdf1fde0bd77b2e7b6efbdf061777088c111	0.386308	b1cc5d1d-5669-4556-8e64-70f85172df50	{"read_rows":"28073","read_bytes":"617827","written_rows":"0","written_bytes":"0","total_rows_to_read":"28073","result_rows":"1","result_bytes":"272","elapsed_ns":"16386934","memory_usage":"13595466"}
tr01_trap_dimensioned_view_max	3	0817e5a008d379976fbe771fb726fdf1fde0bd77b2e7b6efbdf061777088c111	0.421703	f92be107-ab13-44fa-be21-d88ef0e0a5b3	{"read_rows":"28073","read_bytes":"617827","written_rows":"0","written_bytes":"0","total_rows_to_read":"28073","result_rows":"1","result_bytes":"272","elapsed_ns":"36725981","memory_usage":"13529866"}
tr02_trap_changepoint_view_lookup	1	e3b0c44298fc1c149afbf4c8996fb92427ae41e4649b934ca495991b7852b855	1.039168	99972450-9a12-40ca-92ea-bec29bcd0d80	{"read_rows":"28073","read_bytes":"336876","written_rows":"0","written_bytes":"0","total_rows_to_read":"28073","result_rows":"0","result_bytes":"0","elapsed_ns":"16987044","memory_usage":"3920947"}
tr02_trap_changepoint_view_lookup	2	e3b0c44298fc1c149afbf4c8996fb92427ae41e4649b934ca495991b7852b855	0.364077	19960fd6-2c0d-493f-ab31-0cd01e523ba4	{"read_rows":"28073","read_bytes":"336876","written_rows":"0","written_bytes":"0","total_rows_to_read":"28073","result_rows":"0","result_bytes":"0","elapsed_ns":"14216791","memory_usage":"3924339"}
tr02_trap_changepoint_view_lookup	3	e3b0c44298fc1c149afbf4c8996fb92427ae41e4649b934ca495991b7852b855	0.373263	55ba338f-c0b4-408f-8be3-dee9719f05e2	{"read_rows":"28073","read_bytes":"336876","written_rows":"0","written_bytes":"0","total_rows_to_read":"28073","result_rows":"0","result_bytes":"0","elapsed_ns":"11832730","memory_usage":"3921347"}
tr03_trap_fill_across_hour	1	5db8e7238c49a00c8bef65048800ccaeee58be36bdd4bc84cd7822efbcd9a497	1.123982	10b2ea1d-e013-44f8-b143-057bc9ce74c8	{"read_rows":"30884","read_bytes":"2523530","written_rows":"0","written_bytes":"0","total_rows_to_read":"30884","result_rows":"18","result_bytes":"1196","elapsed_ns":"65309265","memory_usage":"21340701"}
tr03_trap_fill_across_hour	2	5db8e7238c49a00c8bef65048800ccaeee58be36bdd4bc84cd7822efbcd9a497	0.414515	547eafb4-e7ac-4864-8d5f-da7c9ed63683	{"read_rows":"30884","read_bytes":"2523530","written_rows":"0","written_bytes":"0","total_rows_to_read":"30884","result_rows":"18","result_bytes":"1196","elapsed_ns":"42666026","memory_usage":"21340701"}
tr03_trap_fill_across_hour	3	5db8e7238c49a00c8bef65048800ccaeee58be36bdd4bc84cd7822efbcd9a497	0.428189	7cec2958-c730-421d-b0e9-af03f20c15d1	{"read_rows":"30884","read_bytes":"2523530","written_rows":"0","written_bytes":"0","total_rows_to_read":"30884","result_rows":"18","result_bytes":"1196","elapsed_ns":"54642256","memory_usage":"21340701"}
tr04_trap_cube_level_unpinned	1	667ba6796e0806a1a5165e1f1ddd3d72de5c9cad65169940f5dd6434d5b89eaa	0.410534	610088cc-757d-42c3-9598-32072dcf7fff	{"read_rows":"68892","read_bytes":"1584318","written_rows":"0","written_bytes":"0","total_rows_to_read":"68892","result_rows":"2","result_bytes":"2436","elapsed_ns":"40934595","memory_usage":"5175118"}
tr04_trap_cube_level_unpinned	2	667ba6796e0806a1a5165e1f1ddd3d72de5c9cad65169940f5dd6434d5b89eaa	1.053552	6525e792-e8fe-4b6a-ac47-0654cc31fc73	{"read_rows":"68892","read_bytes":"1584318","written_rows":"0","written_bytes":"0","total_rows_to_read":"68892","result_rows":"2","result_bytes":"2436","elapsed_ns":"21568879","memory_usage":"5175118"}
tr04_trap_cube_level_unpinned	3	667ba6796e0806a1a5165e1f1ddd3d72de5c9cad65169940f5dd6434d5b89eaa	0.393931	6df8f197-24ca-4a16-a9f6-d0d084be0bb2	{"read_rows":"68892","read_bytes":"1584318","written_rows":"0","written_bytes":"0","total_rows_to_read":"68892","result_rows":"2","result_bytes":"2436","elapsed_ns":"34235429","memory_usage":"5175118"}
